Specific Bean Origin or Bar Name,Specific Bean Origin or Bar Name_idx
"Kokoa Kamili, batch 1",0
"Zorzal, batch 1",1
"Bejofo Estate, batch 1",2
"Matasawalevu, batch 1",3
"Sur del Lago, batch 1",4
"Semuliki Forest, batch 1",5
"Anamalai, batch 1",6
Bolivia,7
Peru,8
Panama,9
Colombie,10
"Madagascar, Criollo",11
Birmanie,12
Brazil,13
Papua New Guinea,14
Piura,15
Chanchamayo Province,16
Equateur,17
Chuao,18
"Carenero, Criollo",19
Cuba,20
"Sur del Lago, Criollo",21
"Puerto Cabello, Criollo",22
Pablino,23
Kpime,24
Atsane,25
Akata,26
Quilla,27
Agua Grande,28
Porcelana,29
Absolu,30
La Joya,31
"Chulucanas, El Platanal, batch 001",32
"Tumbes, Norandino",33
"Teapa, Tabasco, batch 2",34
"Barataria, El Plantal and Norandino Tumbes blend",35
Vanua Levu,36
"Vanua Levu, Toto-A",37
"Vanua Levu, Ami-Ami-CA",38
"Malekula Island, batch M10/19",39
"Malo Island, batch Ma20/19",40
"Santo Island, batch S15/19",41
"EPI Island, batch E 11/19",42
"Los Rios, Quevedo, Arriba",43
Tabasco,44
"Madagascar, Ambolikapiky P.",45
"Monte Alegre, D. Badero",46
"Bali (west), Sukrama Family, Melaya area",47
"Piura, Perou",48
Trinite,49
Vietnam,50
Madagascar,51
"Porcelana, Mexique",52
"Winak Coop, Napo",53
"La Dalia, Matagalpa",54
"Makwale Village, Kyela",55
Tien Giang,56
Sur del Lago,57
"Conacado, batch 130",58
"Bolivia, batch 154",59
"Bolivia, batch 101",60
"Peru, batch 148",61
CIAAB Coop,62
Villa Andina,63
Momotombo,64
Gruppo Salinas,65
Acopagro,66
Oko Caribe,67
Cuyagua,68
Ocumare,69
"Bali, Jembrana",70
Montanya,71
Dos Rios,72
Guayas,73
Morobe,74
Ecuador,75
Ghana,76
Maranon,77
Platan Bajo,78
"LamasdelChanka, San Martin, Oro Verde coop",79
"Bellavista Gran Pajeten, San Martin",80
Belize,81
Dominican Republic,82
Venezuela,83
Toscano Black,84
Jamaica,85
Grenada,86
Trinidad,87
"Piura, Blanco de Criollo",88
Nine,89
"Monte Alegre, 3 diff. plantations",90
Catongo,91
Elvesia,92
Alto Beni,93
"Maya Mountain, batch 39",94
"Alta Verapaz, Cahabon & Lanquin regions, b. 4243",95
Chiapas,96
Trincheras,97
Fazenda Camboa,98
Guatemala,99
Nacional,100
Camino Verde,101
"Puerto Quito, heirloom",102
Maya Mountain,103
Chuno,104
Hacienda Victoria,105
Costa Esmeraldas,106
Matasawalevu,107
Lam Dong,108
San Juan,109
Lachua,110
"La Masica, FHIA",111
Kokoa Kamili,112
Rugoso,113
"Coto Brus, Terciopelo",114
Phantom,115
Anamalai,116
Sambirano Valley,117
Ben Tre,118
Ucayali,119
Beniano,120
Pisa,121
Ramnath E.,122
Tumaco,123
Idukki,124
Jangareddygudem,125
Apoyo,126
Masaya,127
Mombacho,128
Cocibolca,129
Congo,130
Brazil Rio Doce,131
"Ocumare, Venezuela",132
Java,133
Costa Rica,134
Ba Ria Vung Tau Province,135
Bali,136
Haiti,137
"Colombia, Casa Luker",138
"Trinidad, Heritage, Limited ed.",139
"Orinoqua Region, Arauca",140
"Idukki Kerala, lot IN728221",141
"Bejofo E., Akesson, lot MA72820",142
"Kokoa Kamili, lot TZ72199",143
Xoconusco,144
San Jose del Tambo,145
Davao,146
"Tenende, Uwate",147
Cortes,148
Mababa,149
Solomon Islands,150
"Paquibao E., 2016",151
South Cotabato,152
"Saloy E., 2016",153
Zorzal,154
Bahia,155
Houseblend,156
Sambirano,157
"Bahia, Vale Potumujo",158
"Bambamarca, 2015",159
"Huallabamba, 2015",160
Uganda,161
Duarte Province,162
Maranon Canyon,163
"Turrialba, Cartago P.",164
Montserrat Hills,165
single estate,166
"Dominican Republic, Batch 3",167
"Asajaya E, NW Borneo, b. #132/4500",168
"Serian E., NW Borneo, b. #134/3800",169
"Brazil, Batch 20316",170
"Dominican Republic, Batch 31616",171
"Ecuador, Batch 31516",172
"Alto Beni, Palos Blanco",173
"Kokao Kamili, Kilombero Valley",174
"Oko Caribe, Duarte P.",175
"Ben Tre, batch 70301",176
"Belize south, low fermentation",177
Belize south,178
Vung Tau,179
"Anamalai, 2018 harvest",180
"Sungai Ruan, Koh Farm",181
"Somia Plantation, Sambirano, 70hr C",182
"Bali, Sukrama Bros. Farm, Melaya, 62hr C",183
Baracoa,184
Cuyagua Village,185
Rio Peripa H.,186
Nature,187
"Carenero S., Barlovento, Grand Cru",188
"Porcelana, Premier Cru, Quizas No. 1",189
"Java, Grand Cru",190
"Ocumare, Premier Cru, Quizas No. 2",191
Maracaibo,192
"Indigena Amazonia, Grand Cru, Quizas",193
"Nicaragua, American style",194
"San Andres, American style",195
"San Andres, silk",196
Merida,197
Carabobo,198
Aragua,199
Ankasa,200
Bocas del Toro,201
Puerto Plata,202
"Bali, Singaraja",203
"Sambirano, 2009",204
"Ocumare, prototype",205
"2009 Hapa Nibby, Dominican Rep., Bali",206
La Red,207
Carenero Superior,208
Matiguas,209
"""Cocoa Nibs"", Hispaniola w/ nibs",210
Blue Mountain Region,211
"Sierra Nevada, batch 92",212
"Maya Mountain, batch 98",213
Organic Dark,214
"Congo, Grand Cru",215
Zorzal Reserva,216
"Akesson's E., Sambirano V.",217
Maya Mtn,218
"Keningau, Borneo Island",219
"Kota Marudu, Borneo Island",220
"Tawau, Borneo Island",221
One Hundred,222
Ceylan,223
"Carribean, Trinite",224
"Ocumare, Puerto Cabello",225
"Maracaibo, El Rosario",226
"Porcelana, Venezuela",227
"Porcelana, Apotequil",228
Ivory Coast,229
"Porcelana, Tabasco, Marfil de Blanco",230
"Xoconusco, cacao Real",231
Jamaique,232
"Cusco, Cacao Cusco",233
Piura Blanco,234
Juliana,235
Libanio,236
"Madagascar, 100% criollo",237
Gabon,238
Maragnam,239
"Los Colorados, Santo Domingo, Equateur",240
"Surfin, Venez,Africa,Brasil,Peru,Mex",241
Kaori,242
Selva Maya,243
Madre de Dios,244
"El Rosario, Xoconuzco, Cusco, Sambirano",245
"El Castillero, Indio Maiz",246
"El Oro, Hacienda de Oro",247
Conacado,248
Esmeraldas,249
"Wild Bolivia, Sucre",250
Cooproagro,251
"Camino Verde, Guayas",252
"Ghana, batch 021813",253
"Chuao, Mantuano blend, batch 23613",254
"Conacado, batch 001515",255
"Guasare, Zulia Prov.",256
"O'payo, Waslala",257
Elvesia P.,258
Manabi,259
Ambolikapiky P.,260
Ambolikapkly P.,261
"Alta Verapaz, 2014, batch 69",262
Gran Couva,263
Somia Plantation,264
Marabel Farms,265
"Camino Verde, Balao, Guayas",266
"Alto Beni, No.2, Batch 17, 2016",267
"Lanquin, No.3, Batch 21, 2016",268
"Ecuador, Bob Bar",269
"Trinidad, batch 05050114",270
Blend,271
"Mindo, batch 01040914",272
Pingtung,273
"Monte Grande, lot 001180312",274
Asochivite,275
Puerto Rico,276
Patanemo,277
"Dominican Republic, ""Love Bar""",278
Dominican Republic w/ nibs,279
Tumbes,280
Mexico,281
Tanzania,282
Santo Domingo,283
Grand 'Anse,284
"H. Betulia, Antioquia, B8",285
"H. Betulia, Antioquia, B9",286
"H. Betulia, Antioquia, B6",287
"Agua Fria; Sucre region, H. La Trinidad",288
"Macuare; Miranda; Chloe formula, H. La Trinidad",289
"Chuao, Aragua region, H. La Trinidad",290
Hacienda la Trinidad,291
Rio Caribe,292
Carupano Pintao,293
"Barlovento, Familia Rojas",294
Canoabo,295
"Boyaca, Aprocampa Coop, Pauna",296
Arauca,297
Sierra Nevada,298
Arhuacos,299
Macondo,300
Perla Negra,301
"Jutiapa, lot 050916D",302
"Dominican Republicm, rustic",303
"Dominican Republic, rustic",304
"Criollo, Dominican Republic",305
"Porcelana, Tabasco, La Joya",306
"Xoconusco, Chiapas, cacao Real",307
Papua,308
"Mahali, Kasai",309
"Zorzal Reserve, Hispaniola, batch 239",310
Chuncho-Cuzco,311
"Lakuna, Amazonas, silvestre",312
Cuzco,313
Piura Select,314
Pichincha,315
Bolivar,316
Amazonia,317
Baking,318
Grenade,319
Sao Tome,320
"Lago di Como, Blu",321
"Porcelana, Batch 5163",322
Choco,323
Meta,324
Los Rios,325
"Saidor Estate, Madang P.",326
Kulili Estate,327
"La Colonia, batch 5",328
"Kokoa Kamili, batch 9",329
"Ucayali, batch 12",330
"Soconusco, batch 2",331
"Talamanca, Raul-Kekoldo community",332
"Antigua, Special Reserve",333
Anselmo Paraiso Estate,334
Cordoba,335
Huila,336
"Cesar, CCN51",337
"Ecuador, Vietnam",338
"Fazenda Camboa, Bahia, 2018",339
"Amazon Forest, 2018",340
"San Martin, batch 155",341
"Tumbes, batch 176",342
"Bolivia, batch 166",343
"Guaniamo, batch 173",344
"Guaniamo, Amazonas, batch 159",345
"Nicaragua, batch 164",346
"Conacado, batch 161",347
"Sierra Nevada, batch 1",348
"Arauca, batch 280",349
"the lost city, gracias a dias, batch 362",350
"Piaroa, Amazonas, Batch 350",351
"Duarte, Batch 360",352
"Maya Mtn, Batch 454, Heirloom",353
"Patanemo, batch 539",354
"Xoconusco, criollo, batch 834",355
"Valle de Los Rios, batch 990",356
"Chuao, batch 1089",357
"Ambanja, Sambirano Valley",358
"Maranon, nano-lot #709, bar# 371",359
"Beni, Cru Sauvage",360
"San Esteban (Chloe, Maria, Patrice)",361
Arriba,362
la Amistad,363
Ucayali River,364
Tumaco Narino,365
"Dominican Republic, ""Provincetown Dark""",366
Blend No. 1,367
Maya Mountain w/ nibs,368
"Mekong Delta, early 2014 Harvest",369
"Tawau, Oct. 2015 Harvest",370
La Dalia,371
"Peru, batch C7",372
"Dominican Republic, batch 5",373
"Peru + nibs, batch C6",374
"Ottange Farm, Mava P., Ramena River, Sambirano",375
"Tumbes, ""Zarumilla""",376
"Philly Blend, 5 plantations",377
Wild Bolivian,378
Nicaragua,379
Tres Hombres,380
"Congo, Gorilla bar",381
"Peru, Awagum bar",382
"Idukki Hills, GoGround, batch 0089",383
"Anamalai, Tamil Nadu",384
"Monte Grande Plantation, Coatepeque",385
"Chiapas, Lacandon Jungle, Oaxacom Mtn",386
"Chivite, Cahabon River",387
Duarte,388
"Maya Mountain, Toledo",389
"Bolivar, Guaranda",390
Guyave,391
Maragda,392
Kendari,393
Tarakan,394
"Porcelana, Tabasco",395
Brazilian,396
"Verapaz, 2017 harvest, Batch 14",397
"Chuao w/ nibs, 2017-2018 harvest, Batch 9",398
"Maya Mountain, 2017 harvest, Batch 11",399
"Bejofo, 2019 H., Batch 20",400
"Kokoa Kamili, harvest 2018",401
"Wild Tranquilidad, harvest 2018, batch 9",402
Guadeloupe,403
"Ucayali, batch 1",404
"Vietnam, Marou 2017 harvest",405
"Hacienda Azul, 2017 harvest",406
"Camino Verde, 2017 harvest",407
"Kokoa Kamili, 2017 harvest",408
"Fazenda Camboa, 2017 harvest",409
"Maranon Canyon, Fortunato No. 4",410
Choroni,411
"Principe, Sao Tome & Principe",412
Terreiro Velho P. w/ sugar crystals,413
"Terreiro Velho P., Sao Tome & Principe",414
"Camino Verde P., Balao, Guayas, 2014, batch 1",415
St. Lucia,416
"Maranon, batch 244PEmaD",417
"Sambirano, batch 236MAsaD77",418
"Tumaco, batch 227COtm",419
Moxos,420
"Tien Giang, 2015, batch 10-2-16",421
Malah Na Bulong,422
"Ivory Coast, Rainforest Alliance, batch 7",423
"Sambirano, Menava P.",424
"Porcelana, Tabasco, Mexico",425
Chuao 100hr,426
Chuao 70hr,427
"Los Rios, H. Iara",428
Ocumare 61,429
Ecuador Puristique,430
Ghana Puristique,431
"Uba Budo, Sao Tome & Principe",432
"Ecuador, Puristique",433
Sensations Intense,434
"Tanzania, batch a1",435
"Bahia, batch a1213",436
"Namau Village, N. Taileva P., batch a2812",437
"Vanuatu, batch 2410",438
"Djual Island, batch 1712",439
"New Ireland, batch 1702",440
"""heirloom"", Arriba Nacional",441
"Zorzal, batch 40",442
"Aruaca, batch 39",443
"Camino Verde, batch 84",444
"Wampusirpi, batch 41",445
"Anamalai, Pollachi City, batch 148",446
"Lachua, Cacao Verapaz, 2018 harvest, batch 20092",447
"Pisa, 2020 harvest, batch 20111",448
"Maya Mountain, 2020 harvest, batch 20107",449
"Tabasco, Agrofloresta Cacao, 2020 h., batch 20098",450
"Comalcalco, Tabasco, b. 2370003, 2019 harvest",451
"Daintree Estates, N. Queensland",452
Goodman Estate,453
"Dominican Republic, batch 7",454
Crayfish Bay aka Non Pariel Estate,455
O'Payo,456
Robson Estate,457
"Angel Bar, Nicaragua, Madagascar",458
"Puerto Rico, collab w/ USDA (Juan Echevarria)",459
"Ucayali, collab w/ USAID & Alanzo Cacao",460
Upala,461
Colombian,462
"Elvesia, 2011",463
"Cumboto, farmer Jose Lugo, batch 1",464
"Patanemo, batch 3",465
"Mantuano, 2012, batch 1",466
"Papua New Guinea, batch 1",467
Buto,468
"Camino Verde P., Balao, Guayas, 2013",469
"San Francisco de Macoris, Cibao region",470
"Maya Mtn., Break Bar- Snark",471
"Zorzal Reserva, 2015 H., Kerchner",472
"Hacienda Azul, 2016 Harvest",473
"Gola Rainforest, 2017 harvest",474
"WAMPU, La Mosquitia, 2017 harvest",475
"Anamalai, 2017 harvest",476
"Ben Tre, 2018 Harvest",477
"Cahabon, Cacao Verapaz, ADIOESMAC, batch 1",478
"Anamalai, 2018 H., batch 1",479
"Piura Blanco, 2015 h.,Norandino Coop, batch 1",480
"Anamalai, 2019 H., batch 1, nutmeg fermentation",481
"Kokoa Kamili, 2017 h., batch 2",482
"Zorzal Estate, 2016 h., batch 1",483
"Vale Potumuju, 2019 h., batch 1",484
"Zorzal Estate, 2017 h.",485
Las Acacias E.,486
Los Ujuxtes,487
"Oscuro, Finca Chimelb",488
"Venezuela, batch 122",489
"DUO, batch 002, Ecuador, Costa Rica",490
Mekong Delta,491
West Africa,492
Rainforest,493
"Nativo, Varzea",494
"Selvagem, Jari",495
Bundibugyo District,496
"Sambirano Valley, batch 2477",497
"Kilombero, batch 41",498
"Monte Grande, batch 178",499
Bolivian,500
Mantuano,501
"Ecuador, Choc. Garage Exclusive",502
"Alto Beni, Wild Harvest, Limited Ed.",503
Lanquin Estate,504
"Fazenda Camboa, Bahia, batch 17009",505
"Solomon Is.,batch 17158, N.Vela",506
"Vanua Levu, Matasawalevu",507
"Akesson P., Sambirano",508
"Maya Mtn, Toledo",509
"Northerner, Madagascar and Brazil",510
"Bachelor's Hall, batch 20240",511
"Soconusco, Rayen Cacao Co-op, batch 21154",512
"Sao Tome, Grand Cru Plantation, amelonado",513
"Sao Tome, unroasted, batch UNR-18-003",514
"Sao Tome, batch OST-18-01",515
"Sao Tome, batch TRI-18-002, trinitario",516
"Panama, Raven",517
"Puerto Cabello, Mantuano",518
Johe,519
Puerto Cabello,520
"O'ahu Island, N. Shore, Waialua Estate",521
Noir,522
"Africa, West Africa",523
Sur del Lago Classificado,524
Apurimac,525
"Ocumare 61, Puertomar",526
Granella,527
Madagared,528
"Java, Javablond",529
"Ocumare 67, Puertofino",530
"Carupano, H. San Jose",531
Teyuna,532
Ilblend,533
"Chuao, Hacienda San Jose",534
"Canoabo, Hacienda San Jose",535
Morogoro,536
Guasare,537
"IL100, H. San Jose, batch NDL3A01",538
Ocumare 77,539
"Rio Caribe, Batch 7",540
"Colombia, Batch 9",541
"Madagascar, Batch 8",542
Non Pariel Estate,543
"Kablon Farm, batch 242",544
"Verapaz, batch 254",545
"Piura, batch 274",546
"Trio Reserve, 2020 h. batch D002",547
Hispaniola,548
Star of Ecuador,549
"Corazon del Ecuador, Calceta beans",550
Star of Peru,551
"Bocas del Toro, Tierra Oscura",552
"Nicaliso, Xoco",553
"Indio Rojo, Xoco",554
"Chuno, Xoco",555
"Rico Rugoso, Xoco",556
"Rio Dulce, Xoco",557
Eti-Oni,558
Mayan Red,559
"Juno, batch 201006",560
"Dominican Republic, batch 1507",561
Taino Secret,562
"Carenero, Empyrean Sabor",563
"Maranon, Joya Rara",564
"Rio Caribe, Tepui Treasure",565
Corona Arriba,566
"Peru, batch P116",567
"Madagascar, batch M132",568
"Dominican Republic, batch DR113",569
"Maranon, Good & Evil, w/ nibs",570
"NOE, nacional/criollo, batch 1",571
"Akessons, Sambirano Valley",572
"Alto Beni, Covendo Region",573
"Carenero Superior, Gran Saman",574
"Carenero Superior, Apamate",575
"Carenero Superior, Bucare",576
"Carenero Superior, Mijao",577
"Rio Caribe, Cariaco",578
"Rio Caribe, Macuro",579
San Joaquin,580
"Polochic, batch 711",581
Emerald Estate,582
Pisa w/ nibs,583
Bejofo,584
"Wampusirpi, batch 007",585
"Ben Tre, batch 77",586
Gola Rainforest,587
"Maiden Voyage Estate, Herbert Pasqual",588
Ham Luong,589
"Ba Lai, Mekong Delta",590
Guapiles,591
"Carenero, Guapiles, Ocumare blend",592
"""Roasted Cocoa Nibs"", Latin America Blend, b.060321",593
"Arhuacos, Sierra Nevada, batch 060221",594
"Peru, Madagascar",595
"Venezuela, Trinidad",596
Red Vanilla,597
"Maranon, Fortunato",598
"Monte Alegre, D. Badaro, Raw, Organic",599
Blue Mountain,600
Supremo- SF,601
"Madagascar, Grand Cru",602
Maracaibo Clasificado,603
"Alto Beni, Cru Savage",604
Honduras,605
"Chigorodo, batch 001",606
"Ucayali (Peru), Papua New G., Tabasco (Mexico)",607
Mindanao Island,608
Karkar Island,609
Guadalcanal,610
Malekula Island,611
"Maya Mtn, batch 7C",612
"Monte Grande, batch 18",613
"Tumaco, batch 23abc",614
"Oko Caribe, San Fran. De Mac.,batch A",615
Goground,616
Rio Eni,617
"Camino Verde P., Balao, Guayas",618
"Kokoa Kamili Coop, Kilombero",619
"Pak Eddy Farm, Yogyakarta Region",620
"Finca La Rioja E., Cacahoatan, Chiapas, microlot",621
"Ottange Farm, Mava Plantation, Sambirano",622
"Burang, Popayato-Paquat microlot, Goranulo Province",623
"Semai Community, Kamping Long B, Pahang",624
"Kulkul P., Karkar Island, 2018 h., batch PK019",625
"Alto Beni, 2017 h.",626
"Masidau Farm, batch VM021",627
"Tumaco, 2017 h., batch U022",628
"Kilombero Valley, 2017 h., batch TK020",629
"Camino Verde, 2017 h., batch EC019",630
"Ucayali, 2017 h., batch PU024",631
"Choroni, batch 210414",632
"Ocumare, batch 210414",633
"Sur del Lago, Zulia",634
"Chuao, batch 4, Lot DH17",635
"Carenero, Miranda",636
"Cuyagua, batch 4, lot DC2.3",637
Peru Brutus,638
"Palo Blanco w/ panela, Chulucanas, b. 120725A",639
"Tumbes Coop, batch 120724M",640
"Palo Blanco, Chulucanas, b. 120725A",641
"Palo Blanco, Chulucanas",642
San Andres,643
Matagalpa,644
"Norandino, batch 161208",645
"Animalai, batch 1063",646
"Jamaica, #204, DR, SC",647
"Jamaica, #206, DR, LC",648
"Jamaica, #205, DR, MC",649
"Carenero Superior, #203, MR, SC",650
"Ghana, #211, MR, MC",651
"Sambirano Valley, #214, LR, MC",652
"Sambirano Valley, #215, MR, MC",653
"Jamaica, #209, DR, SC",654
"Conacado, #213, DR, -C",655
"Chuao, #218, MR, MC, batch 11-020",656
"Conacado, #212, LR, SC",657
"Jamaica, #210, DR, MC",658
"Chuao, #217, DR, MC, batch 11-021",659
"Markham Valley, #222, LR, 0C",660
"Markham Valley, #219, LR, MC",661
"Markham Valley, #221, DR, MC",662
"Sambirano Valley, #216, MR, LC",663
"Markham Valley, #220, MR, MC",664
"Conacado, #223, MR, SC, batch 13-051",665
"Conacado, #224, MR, MC, batch 13-061",666
"San Martin, Bellavista Coop, #226, DR, MC",667
"Bellavista Coop, #225, LR, MC, CG Exclusive",668
"Maranon, #228, MR, SC",669
"Maranon, #227, LR, MC",670
"Maranon, #229, MR, LC",671
"Maranon, #230, DR, LC",672
"Polochic Valley, LR, LC, batch 17-203",673
"Polochic Valley, DR, LC, batch 17-201",674
"Polochic Valley, MR, LC, batch 17-189",675
"Chuao, MR, SC, batch 18-224",676
"Lamas, Oro Verde, #280, MR 0C, batch 21-457",677
"ABOCFA, #260, LR-SC, batch 20-335",678
"Lamas, Oro Verde, #282, DR MC, batch 21-451",679
"ABOCFA, #261, DR-MC, batch 21-448",680
"O'Payo Profundo, Waslala, MR-MC, #271, b. 21-431",681
"Sambirano V., #290, MR MC, batch 21-454",682
"O'Payo Profundo, Waslala, DR-LC, #271, b. 21-433",683
"Chuao Village, BR-SC, batch 21-437",684
"Fazenda Camboa, Bahia",685
"Kokoa Kamili, Kilombero District",686
"Rugoso, Bad Fermentation",687
Barba,688
"La Dalia, Lazy Growers Blend",689
"Chuno, 2x turned",690
"O'Payo, Wasalala Co-op",691
"Chuno, 3x turned",692
Medagla,693
Nicaliso,694
Indio Rojo,695
"Johe, Xoco",696
"Chuno, triple turned, Xoco",697
"Red Mayan, Xoco",698
"Chuno, double turned, Xoco",699
"Rugoso, Xoco",700
"Barba, Xoco",701
"Medagla, Xoco",702
Signature Blend,703
"Wild Bolivian, Batch 2",704
"Coto Brus, Heirloom, Batch 1",705
"Tumaco, batch 2",706
"Sambirano, Akessons, batch 1",707
"Los Bejucos, batch 1",708
"Hispaniola, Dom. Rep. blend, batch 50",709
"Taiwan, #1",710
"Kaua'i Island, Alea Estate +world",711
Akesson P.,712
Conacado Coop,713
ABOCFA Coop,714
"Rabot Estate, Island Growers",715
"Porcelana, La Orquidea, Santa Barbara, Zulia",716
Cahabon E.,717
"Toledo District, 2015 Harvest",718
"Almendra Blanca, batch 1004",719
"Asochivite, batch 1005",720
"El Carmen, batch 1003",721
"Ucayali, batch 1041",722
Boyaca,723
Coto Brus,724
"Costa Esmeraldas, Salazar Farm",725
"Idukki Hills, ""Adventurous""",726
"Alto Beni, ""Wild""",727
"Ben Tre, Dong Nai",728
"Sambirano, Ambanja, batch 11",729
"Kokoa Kamili, Kilombero District, batch 11",730
"Duarte Province, El Cibao, batch 10",731
"Dak Lak, batch 09",732
Dark,733
Nativo Blanco,734
"Idukki Hills, batch 11",735
"Arriba, A.S.S., prototype",736
"Ghana, prototype",737
"Trinidad & Tobago, prototype",738
Lacri Blend,739
"Ven, Trinidad, Ecuador, prototype",740
Chucuri,741
Semisweet,742
"Sambirano, Ambanja",743
"Los Rios, Quevedo",744
Tsaranta,745
Quetzalcoatl,746
Machu Pichu,747
Special Maker Reserve,748
"O'ahu Island, N. Shore, Waialua E., Kakoleka",749
Nocturne,750
Complexite,751
Coucher du Soleil,752
Lever du Soleil,753
Onyx,754
"Epique, Blend No. 49",755
one hundred,756
Campesino w/ nibs,757
Downtown London,758
Africa meets Latina,759
Amazonas,760
"Hawai'i Island, Sharkey",761
Trinidad & Tobago,762
Don Homero- Cerecita Valley,763
South America and Africa,764
Brazil Blend,765
"Tome Acu E., Amazon Rainforest",766
"Vale do Juliana E., Atlantic Forest",767
"Vale do Juliana, w/ nibs",768
Libiano,769
Kerla,770
"Ben Tre, batch 133",771
"Soconusco, La Rioja Farm, Chiapas",772
"Pulau, Bali",773
"Dutch Blend, Ven.- Bali- Trinidad",774
"Porcelana, Maracaibo",775
"Maya Mtn, Moho R., Toledo D., 2015",776
"Cota Brus, Terciopelo, 2015",777
"Wild Beni, Lower Rio Beni, Tranquilidad, 2014",778
"Alto Beni, Upper Rio Beni, 2014",779
"Los Rios, Hacienda Limon, Orecao, 2014",780
"O'ahu Island, Maunawili, Agri Research C., 2014",781
"O'ahu Island, Maunawili, Agri Research C., 2015",782
"Los Rios, Hacienda Limon, Orecao, 2015",783
"Pinchincha, Mindo, Coop Nueva Esper., 2015",784
"Alto Beni, Upper Rio Beni, 2015",785
"Wild Beni, Lower Rio Beni, Tranquilidad, 2015",786
"Esmeraldas, Muisne Estate",787
"Matagalpa, El Tuma region",788
"Maranon, batch 0723",789
"Camino Verde, batch 0722",790
"Sambirano Valley, batch 0124",791
"Kokoa Kamili, batch 0214",792
"Oko Caribe, batch 0719",793
Akesson's Estate,794
Gran Blanco,795
"Porcelana, Lake Maracaibo",796
San Martin,797
Hispaniola w/ nibs,798
Mara,799
"Ecuador, w/ nibs, batch 140224-1",800
"Island Growers, 2012, 120hr c., batch 13080",801
"Marcial, single Cote, 2012",802
"Pepiniere, single Cote",803
"Sierra Nevada, Cienaga",804
Copan,805
Kilombero Valley,806
Uba Budo,807
"Los Rios, H. Iara, 96hr c.",808
"Island Growers, 120hr c.",809
"Island Growers, 96hr c.",810
"Los Rios, H. Iara, 2012, 120hr c., batch 13092",811
"Chanchamayo, Pichanadi, 2012, 60hr c., b.13092",812
"Conacado, 2012, 120hr c.batch 13092",813
"Somia Plantation, Akesson, 2012, Rabot",814
Mekong Delta & Dong Nai,815
"Los Rios, H. Iara, 2012",816
"Ocumare, Cumboto, batch 16",817
"Amazonas, batch 14",818
"Bolivia, batch 85",819
"Bolivia, Bo-nib-ia, w/ nibs, batch 78",820
"Momotombo, batch 74",821
Zorzal Reserva w/ Charles Kerchner,822
"Hispaniola, batch 73",823
"Choroni, Finca Torres, 48hr c.",824
"Ocumare, H. Cata, w/ nibs",825
Coopertiva Amazona,826
"Sur del Lago, Amiari Meridena, Zulia, 48hr c.",827
"Ocumare, H. Cata, 48hr c.",828
"Porcelana, Zulia",829
"Carenero Superior, Urrutia, Barlovento",830
Coopertiva Amazona w/ nibs,831
"Sur del Lago, Amiari Meridena, Zulia, w/ nibs",832
"Chuao, (Choroni, Ven.)",833
India (south),834
"Satipo region, white label",835
black label,836
"Peru, batch 25",837
"Belize, batch 26",838
"Dominican Republic, batch 30",839
"Madagascar, batch 27",840
Perseverance E.,841
"Elvesia P., Batch 32",842
"Maya Mountain, Toledo, Batch 29",843
Trinatario Treasure,844
"Venezuela, batch 107",845
Mount Pleasant,846
"San Martin, Oro Verde",847
"Ocumare, Cuyagua",848
"Tien Giang, Mekong Delta",849
Camino Verde P.,850
"Sambirano Valley, Batch 7",851
"Costa Esmeralda, Batch 30",852
"Anamalai, batch 8",853
"Tabaquite, batch 12",854
Chumphon,855
Chantaburi,856
Chiang Mai,857
Prachuap Khiri Khan,858
"Rizek Cacao, Domin. Rep.",859
"Rizek Cacao, Cibao Valley, Rizek",860
"Tireo, Rizek Historical Selection, single estate",861
"La Magdalena, Rizek Historical S., single estate",862
"West Indian, Rizek Historical S.",863
El Antiguo (Monet Plata & Duarte ),864
"El Valle, Collection 01, Rizek",865
Mata Larga,866
"Dominican Nacional, Collection 01",867
"Los Bejucos, Collection 01, Rizek",868
"San Juan Coop, El Castillero",869
"Chulucanas, Piura, Cesar Vallejo-farmer",870
"Morogoro, Kamili, Kilombero Valley, batch 13",871
Vanuatu,872
Diego/ original micro,873
Cacao Nacional W.F.,874
Roberto,875
Diego 48hr/ W.F. blend prototype,876
Sisa 36hr/ W. F. blend prototype,877
Diego 60hr/ W.F. blend prototype,878
Sisa's Secret/ original micro,879
"Davao, Mindanao, batch 24",880
"Karkar Island, Madong, batch 34",881
"La Red, Project Reserva, Guaconejo",882
"Tumaco, batch 113",883
"La Red, Guanconjeco",884
Mava Sa Ferme D'ottange,885
Kablon Farm,886
"Xoconusco, triple turned",887
H. Betulia B6,888
Gazelle,889
ROIG,890
"Maranon, Fortunato No. 4",891
"Kafupbo, Petit Bourg, De Borgnes",892
"Bahia, Fazenda Camboa",893
"Los Rios, Hacienda Limon, Heirloom",894
Venzuela,895
Quito,896
"Fiji, batch 51019",897
"Lumas, 2015 Harvest, Batch 6, brown sugar",898
"Lumas, 2015 Harvest, Batch 7",899
"Belize, 2014 Harvest, Batch 9",900
"Tumbes, 2013 Harvest, Batch 8",901
"Lachua, Cacao Verapaz",902
"Maya Mtn, 2017 harvest",903
"Asochivite, 2017 harvest",904
"Piura Blanco, 2018 harvest",905
"Cuana, 2008, Ven., Indonesia, Ecuad.",906
Kuruba,907
Akosombo,908
"Porcelana, Pariguan",909
Orinoco,910
Loma Sotavento,911
"Cuana, 2013, Africa, Carribean, C. Am.",912
Tobago,913
"Acarigua, w/ nibs",914
Peruvian Amazon,915
Vinces,916
"Xoconusco, Chiapas, Coop CASFA",917
"Almendra Blanca, Blanco Marfil, Jimenez Garcia",918
"Uranga, Chiapas, Jimenez Garcia farm",919
Trinidad-Tobago,920
"Madagascar, Batch 59/100",921
"Vietnam, Batch 50/100",922
"Cuba, Batch 59/100",923
"Ivory Coast, Batch 56/100",924
"Peru, Batch 51/100",925
"Bahia, Batch 148",926
"Sao Tome, Batch 151",927
"Lam Dong, Batch 153",928
"Peru, Ecuador, Venezuela",929
Nueva Guinea,930
San Pedro Sula,931
"Nicaliso, Bocay",932
"Tranquilidad, Itinez Province",933
"Chucuri, finca los lagos el Carmen",934
Maranura,935
Beniamo,936
"La Red, Guaconejo",937
"San Juan Estate, Gran Couva",938
Liberia,939
"Maya Mtn, Batch 18, Heirloom",940
"La Masica, Batch 7, FHIA",941
Ashanti,942
"Bachelor's Hall, batch 0001",943
"Tranquilidad, beniano",944
"Satocao, limited ed., batch 2",945
"Maui Kuia E., Hawaii, 2018-2019 h., batch 1",946
"Purple Haze, Venezuela, Dom. Rep.",947
"The Other One, Grand Cru",948
Perfect Illusion,949
"Bolivia, Wild Thing",950
Wild Thing,951
La Selva,952
Excellence (US Version),953
"Gola Rainforest, batch 920",954
"Anamalai, batch 970",955
"Tien Giang, batch 970",956
"O'ahu Island, Opaeula Estate, Nene, CG Exclusive",957
"O'ahu Island, Opaeula Estate, Ele'ele",958
"Hawai'i Island, Hawaiian Crown, Kona Vanilla",959
"O'ahu Island, Haleiwa E, 2014",960
"O'ahu Island, Haleiwa, Lonohana E., Kanahiku",961
Medalla,962
Sumatra,963
"Rio Purus, 2016 Harvest",964
"Rio Acara, Wild Amazon",965
Wild Jurua (limited edition for Caputo's),966
"Selva, Colombia, Ecuador",967
"Macondo, Colombia, Ecuador",968
"Misterio, Colombia, Ecuador",969
Santander,970
"Kerala State, GoGround, batch 88",971
"Bejofo E., Sambirano, batch 115",972
"Kilombero Valley, batch 74",973
"Semuliki Forest, Latitude Trading Co, batch 100",974
"Cote d'Ivoire, batch 83",975
"Chiapas, Triple Cacao",976
Dominican,977
"Hawai'i Island, Hamakua Coast, Kokoleka",978
"Criollo, Hawaii",979
Kaua'i Island,980
"Hawai'i Island, Choobua, Kona",981
"Xocunusco, Chiapas, Pichucalco",982
Africa,983
Sambirano 2006,984
Mora Mora 2006,985
"Davao, Mt. Talamo foothills",986
"O'ahu Island, N. Shore, Waialua Estate w/ nibs",987
"Ecuador, batch 1212",988
Colombia,989
"Hawai'i Island, Hamakua, Hawaiian Crown, b. 176",990
"Piura, batch 173",991
"Liberia, batch 174",992
"O'ahu Island, Winward,Maunawili district, b. 151",993
"O'ahu Island, Waiahole, b. 182",994
Markham Valley,995
"Hawai'i Island, Hilo and Kona regions",996
Grand Cru Dominican Republic,997
Grand Cru Ecuador,998
Grand Cru Ghana,999
Kolumbia,1000
"San Juan Estate, Cherry Blossoms at Night",1001
"Kakoa Kamili, Both Man & Bird & Beast",1002
"ROIG, 2014",1003
"Maranon, 2014",1004
"A case of the Xerces Blues, triple roast",1005
"Tumbes, Dear Mr. Finley, 2014",1006
Le Chocolat Chaud,1007
"Ben Tre, Surprise Valley",1008
"Lam Dong, ""Red Poppy""",1009
"""Peace of Wild Things""",1010
"Tabasco, ""Late for the Train"", batch 12184",1011
Zorzal Reserve,1012
Cusco,1013
"San Martin, Allima coop",1014
"Piura, Norandino coop, cacao blanco",1015
"Alto Beni, Walikewa",1016
"Bahia, Catongo",1017
Cacao Nib Crunch,1018
"Pisa, batch 58",1019
Ba Ria,1020
Dong Nai,1021
"Tien Giang, Gao Co-op",1022
"Tan Phu Dong, Treasure Island",1023
"Tan Phu Dong Island, Heart of Darkness",1024
"Dak Lak, Batch 2451",1025
"Dak Nong, Tam Farm",1026
"Matina 1-6, prototype",1027
"Ivory Coast, prototype",1028
"Nigeria, prototype",1029
Ocumare de la Costa,1030
"Dominican Republic, Coop",1031
"Chuao, Light Roast",1032
"Chuao, Med. Roast",1033
"Chuao, Dark Roast",1034
Brooklyn Blend,1035
Moho River,1036
"La Red de Guanconejo, N. Highlands coop",1037
"Shake Shack, Peru, Mad., Dom. Rep.",1038
"French Laundry 20th Anniversary, Peru, Belize",1039
"Malekula P., 2013",1040
"PNG, Vanuatu, Mad; 2013 h.",1041
"Somia, 2013",1042
"Kulili P., 2013",1043
"Kuia Estate, Hawaii, lot 083122",1044
"Morropon, Norandiono Coop, Piura",1045
"Hawai'i Island, Big Island, Mauna Kea",1046
"Dak Nong, Marou Cacao",1047
"Cahabon E., ""Adioesmac""",1048
"Nicaragua, w/ inbs",1049
"Camino Verde, Duran Region",1050
"Oko Caribe, El Cibao, 2018 Harvest",1051
"Kablon Farms, Mindanao Island, 2018 harvest",1052
"Kokoa Kamili, 2018 harvest, Mbingu Village",1053
"La Tronca, Matagalpa",1054
El Salvador,1055
"Fazenda Bonanca, Bahia",1056
"Fazenda Sempre Firme P., Bahia, batch 7",1057
"Akesson Estate, batch 10",1058
"Patovaki, Paspaskato Is",1059
Tenaru,1060
South America,1061
Carre Amer,1062
Carre Grand Noir,1063
Noir Infini,1064
Tamarina,1065
Los Ancones P.,1066
Mangaro P.,1067
Maralumi P.,1068
"Carenero Superior, Concepcion",1069
Vila Gracinda,1070
"Chiapas, Mokaya P.",1071
El Jardin,1072
Riachuelo Plantation,1073
La Laguna Plantation,1074
"Balinese, Java",1075
San Juan Estate,1076
"Matagalpa, Cacao Bisiesto",1077
"Patanemo, Epoch, Donaldo",1078
"Oko Caribe, hispaniola, 2017 harvest",1079
"Maranon, 2017 harvest",1080
"San Jose, Toledo, 2017 harvest",1081
"Los Rios, Arriba, 2017 Harvest",1082
"Kaithapara Village, Idukki, Kerala, 2017 H.",1083
"Fazenda Leolinad, Bahia, 2017 H.",1084
Kaithapara,1085
Ambanja,1086
"Piura Gran Blanco, Sisyu & Kiriyana Phoenix",1087
"Ecuador, lot# 181220",1088
"Acul-du-Nord, 2015",1089
India,1090
"Bahia, Fazenda Venturosa",1091
"Puerto Rico, 2018 harvest",1092
"Umoho R., Toledo District, San Felipe",1093
Toledo District,1094
"Toledo District, w/ nibs",1095
"Kombone Village, 2018 Harvest",1096
Zorzal Estate,1097
"Bejofo, batch 7",1098
"Zorzal, batch 8",1099
Indonesia,1100
Nueva Waslala,1101
"Kablon, lot 07 (made for Etat de Choc)",1102
Papaua New Guinea,1103
"Ucayali, batch 9",1104
"Esmeraldas, batch 9",1105
"Finca La Rioja E., Cacahoatan, Chiapas",1106
"Oko Caribe, batch 1 SRB",1107
"Kokoa Kamili, batch 1 SRB",1108
"Ambanja, batch 1 SRB",1109
"Tien Giang, batch 1 SRB",1110
"Costa Rica, Oscuro",1111
"Chuao, lot 0077",1112
"Barinas, lot 0077",1113
"Rugoso, nanolot for Cacao Review",1114
"Finca Concepcion, nano-lot",1115
Criollo Blend,1116
"Hispaniola, batch 170308",1117
Manickchand Estate,1118
"Los Rios, Dec. 2018 H., Batch 2",1119
Chazuta,1120
"Ben Tre, batch VNBT186",1121
"Kokoa Kamili, Kilobmbero batch TK186",1122
"Matasawalevu, batch FJMA1",1123
"Sierra Nevada, batch CSN192",1124
Moho Valley,1125
"La Dalia, Matagalpa,cacao Bisesto,green label",1126
"La Patriota, cacao Indio, purple label",1127
"Punta Galera, cacao Nacional, gold label",1128
"Ecuador, 2013",1129
"Canoabo, 2013, batch 2642",1130
"Sambirano Valley, 2012, batch 3062",1131
"Ghana, 2013, batch 3581",1132
"Akwa Ibom, 2017 h., batch 19762",1133
"Lam Dong, 2016 h., batch 20111",1134
Fazenda Leolinda,1135
"Pangoa, w/ nibs",1136
"Pangoa, 2018, batch 1584 - E",1137
Virunga,1138
"PNG, Devotion, batch 96, gogol naru",1139
"PNG, Revolution, WAG1",1140
"PNG, Voodoo, batch 95",1141
"PNG, Nib Bar, WAG1",1142
Sang Yum Coop,1143
Cahabon,1144
Bundibugyo,1145
Idukki Hills,1146
Arhuaca,1147
"Tranquilidad, Wild",1148
"Elegant Asian Blend"", Vietnam, India",1149
Hawaii Kona,1150
"Sylvestre, Oialla",1151
"Dark 67, Ghana, Domin. Rep",1152
"Dark 75, Ghana, Domin. Rep",1153
Dominican Republic prototype,1154
Ghana prototype,1155
Carribean-Raw,1156
Carribean,1157
"Kakao Kamili, Kilombero Valley",1158
"Sambirano, Northern Ambanja, 2018 Harvest",1159
"Ben Tre, Mekond Delta, 2018 H.",1160
"Kokoa Kamili, Kilombero Valley, 2018 H.",1161
"Tumaco, 2019 Harvest, b. 3/8-2",1162
"San Ignacio, 2020 Harvest, Cajamarca, b. 6/10-1",1163
"Piura, Gran Blanco, 2019 Harvest, b. 7/9-2",1164
"Bejofo Estate, 2019 Harvest, b. 4/6-2",1165
Nicaraqua,1166
Caribe,1167
Mindo,1168
"D.R. Congo, Cru Virunga",1169
"Piura, Apotequil, ""Porcelana"" 72hr c.",1170
"Alto Beni, Wild Harvest, Itenez R., 60hr c.",1171
"Alto Beni, Wild Harvest, Itenez R. 24hr c.",1172
Papua Kerafat,1173
"Grand Cru Blend No.1, 5 yr. Anniversary Ed",1174
"Hawai'i Island, Kona Estate, Hualalai Mtn",1175
"Hawai'i Island, Kona Grand Cru E.",1176
Raw,1177
Nube- prototype,1178
"Ecuador, raw",1179
Garaua,1180
Cumbia,1181
Montubia,1182
Tangara,1183
"Sierra Nevada, Tutu Iku",1184
"Alto Beni, Palos Blancos",1185
Duo- Gran Couva & Camino Verde,1186
"Silvestre, La Paz, Beni",1187
"Maranon, batch 28",1188
"Alto Beni, batch 100518",1189
Chilique,1190
"Oko Caribe, batch 4",1191
"Lachua, Q'egchi families",1192
"Rio Caribe, Paria Penninsula",1193
"Piura, Choc. Garage Exclusive",1194
"Madagascar, w/ shell",1195
Fiji,1196
"Ucayali, batch PR-17",1197
"Kendem Lembu, Java",1198
"Ocumare, Puerto Cabello, Venezuela",1199
"Porcelana, Tabasco, Limited Ed.",1200
"Fleur de Cacao, Venezuela/ Ghana",1201
"Los Rios, Puerto Romero, Equateur",1202
"Cabosse, Venezuela, Java",1203
"Sambirano, Ambanja, Madagascar",1204
"Bahia Brazil, Fazenda Sao Pedro",1205
"Porcelana, Tabasco, Finca La Joya",1206
"Peru, Las Pampas P.",1207
"Haut Penja, w/ nibs",1208
"Sambirano, Rieur, Ambanja",1209
"Haut Penja, Transporte",1210
"Hainan, lot 218012",1211
"Dak Nong, batch 405",1212
"Kokoa Kamili, Kilombero Valley, batch 304",1213
Wampusirpi Region,1214
Namau Village,1215
Akesson Estate,1216
"Camino Verde P., Balao, Guayas, ""Fruity""",1217
"Camino Verde P., Balao, Guayas, ""Floral""",1218
Tenor,1219
Nicalizo,1220
"Tranquilidad, ""Wild Bolivia""",1221
Zorzal Plantation,1222
"La Red, 2011",1223
"Peru, batch 1",1224
"Upala, Batch 12",1225
"San Martin, Amazonian Highlands",1226
"Upala, Batch 18",1227
Upala w/ nibs,1228
"Cuyagua, 2013",1229
"Oko Caribe, Duarte Province, 2016 H.",1230
"Semuliki Forest, batch 20035",1231
"Ucayali, batch 200105",1232
"Caracas, Venezuela and Ghana",1233
"Monte Alegre (Itacare), Brazil",1234
"Djakarta, Java and Ghana",1235
Fortissima,1236
Claudio Corallo w/ nibs,1237
Dominican Republic-Organic,1238
"Sambirano Valley, Le 100%",1239
"Monte Alegre, Diego Badero",1240
"Porcelana, S. of Lake Maracaibo",1241
Papouasie,1242
Barlovento,1243
Nosy Be Isle.,1244
Sao Tome & Principe,1245
Tanzanie,1246
"Kokoa Kamili, 2018 Harvest",1247
Choba Choba,1248
"Patanemo, Carabobo, Tisano family, b. 3211",1249
Guantupi River,1250
"Akessons Estate, Sambirano, Ambanja, b. 3212",1251
"Crayfish Bay Estate, 2014",1252
"Akesson's, batch 4411",1253
"Chocoan Rainforest, Teroro Escondido, ESM",1254
"Bachelor's Hall, batch 6911",1255
"Guadalcanal, Tenaru, David Natei F.",1256
Philippines,1257
"Bagua, Amazonas",1258
"Chunchu, Ayacucho, lot 208",1259
"Morropon, Piura, AoC Golden Bean 2018",1260
"Piura, Gran Blanco, lot 400",1261
"Chaska, Junin, lot 425",1262
"Mexico, Lot 28022016",1263
"Uranga, Lot 22032016",1264
"Amazon Basin Blend- SMartin,Pangoa,nacional",1265
"Pisa, unroasted",1266
"Pisa, roasted",1267
Suchitepequez E.,1268
"San Martin, Batch 2",1269
"Chulucanas, Batch 1",1270
"Tumbes, Batch 2",1271
Soconusco,1272
"Kokoa Kamili, Kilombero batch IT7507",1273
"El Gran Sapasoa, batch IP7487",1274
"Oko Caribe, San Fran. De Macoris, El Cibao",1275
"Suhum Region, ABOCFA, b. IG7720",1276
El Oro,1277
"Los Rios, Vinces",1278
"Camino Verde P., 2012, Balao, Guayas, batch 1",1279
"Gran Couva, 2012 harvest, batch 001",1280
"Sambirano, 2011 harvest, batch 1",1281
"Maranon, Cajamarca, batch 002",1282
"Toledo District, Maya, batch 001",1283
"Camino Verde P., Balao, Guayas, 2014, b. 001",1284
"Mid Mountain, 2014, batch 002",1285
"Camino Verde P., Balao, 2015 harvest, batch8",1286
"La Colonia, Enliven Cacao",1287
"Jagassar Estate, Moruga Region, microlot",1288
"Sambirano, 2019 h., batch 7",1289
"Kokoa Kamili, Morogoro",1290
"La Dorado, light roast",1291
"Tapanti, light roast",1292
Maleku,1293
Madagascar w/ nibs,1294
"Gru Grococo, St. Andrews",1295
"Hispaniola, 2008",1296
"Sambirano, 2008",1297
"Silvestre, Batch 1, 2011",1298
"Akessons Estate, Sambirano, 2013",1299
"Hispaniola, 2013",1300
"Bachelor's Hall E., St. Thomas Parish, batch 1",1301
"Silvestre, Batch 7, 2013",1302
"Tranquilidad, Batch 1",1303
"Caranero, Choc. Garage Exclusive",1304
"La Masica, Batch 1, FHIA Research Center",1305
Principe,1306
"Aragua, Trincheras",1307
"Rio Caribe Superior, Paria Penninsula, b. R380",1308
"Sambirano, Akesson Estate, batch MT3802",1309
"Piura, Norandino, Gran Blanco Nativo, b. PB4704",1310
"Pisa, lot 03HA",1311
"Nugu, lot 02N",1312
"Sumba, lot 02IN",1313
Kokoa Kamili. Lot 73T,1314
100 percent,1315
Samana,1316
Malgascio,1317
"Carribean, Arawak",1318
Latino,1319
"Midnight, Central and S. America",1320
"Twilight, Central and S. America",1321
Bahia Superior,1322
Rio Arriba,1323
"H. San Jose, Los Rios, L300817",1324
Colombian Semi Dark,1325
Colombian Dark,1326
Colombian 2008,1327
Colombian w/ nibs,1328
Extra Dark,1329
"Kumasi Sambirano, Ghana & Madagascar",1330
Jamaica a l'ancienne,1331
Bittersweet,1332
"Las Islas, Carribean(DR/Jam/Tri)",1333
Nibby,1334
Antilles (Trin/Gren/DR/Ven),1335
"Finisterra, Ven., Trinidad, Mad.",1336
Tome Acu,1337
Asante,1338
Camahogne,1339
Amina,1340
San Juan de Cheni,1341
Wampusirpi,1342
Semuliki Forest,1343
Gewan Gangaram,1344
"Belize, 2013",1345
"Hawai'i Island, Hilo",1346
"Hawai'i Island, Hilo, w/ added cocoa butter",1347
Tingo Maria,1348
Oro,1349
Oscuro,1350
Maya Belize,1351
"Porcelana, Colombia, Amazonas",1352
"Trintade, Sao Tome",1353
"Bahia, Scavina",1354
"Somia Plantation, 2012",1355
"Camino Verde P., Balao, Guayas, 2012",1356
Lachua w/ cane sugar,1357
"Lachua w/ maple sugar, batch 5",1358
Wild Bolivia,1359
Kokoa Kamili Coop,1360
"Esmeraldas, Salazar Farm",1361
"Soconusco, Rayen Cacao Co-op",1362
"Anamalai, Pollachi City",1363
"Nicaragua, lot N510",1364
"Maranon, batch 2",1365
"Papua New Guinea, triple roast, batch 1",1366
"Chuao, batch 3",1367
"Chimelb, Lanquin, Alta Verapaz, b-GUA001",1368
"Guasare, La Sierra de Perija, batch gua001",1369
"Maya Mtn, Moho R., Toledo D.",1370
Australia,1371
"Porcelana, Sorotaima,Machiques,batch pcl001",1372
"Oko Caribe, DOR005",1373
"Pisa, batch HA102",1374
Sulawesi,1375
"Ecuador, Batch 1",1376
"Castillo, Hispaniola, unroasted",1377
"Kablon Farms, Red Pod, 2018 harvest",1378
Solomon Island,1379
Solomon Island w/ nibs,1380
Wasatch,1381
Kilombero,1382
"Dak Nong, Lot 103120",1383
"Black Science Blend 1, DR, Ecuador, Peru",1384
"Grenada, Black Science",1385
"Alto Beni, Wild Bolivian",1386
"Elvesia P., Black Science",1387
"Three Amigos(Chuao, Wild Bolivia, D.R.)",1388
Peruvian,1389
Noula Coop,1390
"Cahabon Region, batch Tri1",1391
"Eastern Promises, Mad., Java, PNG, batch EP1",1392
O'ahu Island,1393
"Carenero Superior, batch CS2",1394
"Dual Origins, Sambirano, Elvesia, batch SD06",1395
"Dancing in Your Head, 5 bean blend",1396
"Apurimac, El Quinacho Co-op",1397
Chef's Blend,1398
"Orinoco, batch ORI 1",1399
"Rizek Cacao, batch DR 12",1400
Sangre Grande P.,1401
"Crazy 88, Guat., D.R., Peru, Mad., PNG",1402
"Maracaibo, El Vigia",1403
"Equator, Peru, Dom. Rep",1404
"Bachelor's Hall E., St. Thomas Parish, batch bh1",1405
"Little Big Man, Madagascar & Ecuador",1406
"Espiritu Santo, 'Smoke Monster', batch sm1",1407
CSB Chama,1408
"Camino Verde, Black S., batch cvu6030.0",1409
"Oko Caribe, Duarte P., Collab w Chocosol",1410
"Sambirano Valley, Black Science, B-60307.0",1411
"Bahia Black, batch bra50722.1",1412
"Chuno, San Jose de Bocay, Pantasma R.,B.S.",1413
"Abstract S. w/ Jamaica nibs,batch abs60323.0",1414
"Tien Giang, Black S., batch VIT60420.0",1415
"Pisa, Creole Gardens",1416
"Bejofo, Sambirano V., Akesson E.",1417
"Choroni, Aragua, Finca Torres Farm",1418
Dream Machine (Mad./Dom.Rep./Ecuador),1419
"Bejofo, Sambirano V., Akesson, b. 6116-BEJ210324",1420
"Guasare, Rosario de Perija, b.4279-GUA201123",1421
"Ben Tre, batch BEN210924 8983",1422
"Hawai'i Island, Big Island",1423
AgroCriso Plantation,1424
"Dominican Republic, lot D82R",1425
"Ecuador, lot E432314L",1426
"Madagascar, lot M0403R",1427
"Maya Mountain, Toledo District, batch 12-1",1428
"Bejofo, Akesson, batch 10-1",1429
"Bundibugyo, Semuliki Forest, batch 9-1",1430
"Bolivar, Arriba",1431
Cacao Verapaz,1432
Rio Tuma,1433
"Bahia, Agri-Forestal Plantation, 2010",1434
"Ecuador, Midnight Dark, batch 600414",1435
"Ecuador, Twilght Dark, batch 500414",1436
"Wild Bolivia, batch 260",1437
"Samar, East Visayas region",1438
Sri Lanka,1439
"Amazonas, Wild Cacao",1440
Crudo,1441
Millot Plantation,1442
"Ayacucho, ""El Guinacho""",1443
Cacao Blanco,1444
"Autumn, Primary Harvest, 2012",1445
"Spring, Secondary Harvest, 2012",1446
Ambolikapiky,1447
"Ben Tre, Mekong Delta",1448
"Fazenda Sempre Firme, Bahia",1449
"Winak, Sumaco",1450
"Chiapas, Lacandon Jungle, batch 95",1451
"Costa Rica, batch 83",1452
"Peru, batch 96",1453
"Paramaribo, batch 20160043-01",1454
"Chuao, batch 20170714C",1455
"Haiti, batch 2020SEP",1456
"Dark, Stone Ground",1457
Chiapan,1458
Chocolatey-beta,1459
Fruity-beta,1460
Nutty-beta,1461
Citrus-beta,1462
TCHOPro 60.5,1463
TCHOPro 68,1464
"Peru, Ecuador",1465
Capistrano,1466
Concepcion,1467
San Jose,1468
Espada,1469
"Bayou Blend, Ecuador, Mad., PNG",1470
Aranama,1471
Capistrano*,1472
Concepcion*,1473
"La Bahia, w/ cane juice",1474
"La Bahia, w/ cane sugar",1475
Presidio,1476
"Bahia, Floresta Azul,Good Friends Reserve#3",1477
"Ecuador, batch 6-5-15",1478
"Madagascar, batch 6-5-15",1479
"Uganda, batch 6-3-15",1480
"Venezuela; Barinos, Merida, Tachron",1481
"Ghana, Kumasi",1482
"Ghana, Panama, Ecuador",1483
Congo w/ nibs,1484
"Piura Select, Cacao Blanc",1485
"Costa Esmeraldas, 2017 h., batch 28",1486
"Meta, lot 052",1487
"Putumayo, lot 021",1488
"Belize, med roast",1489
"Galapagos, Santa Cruz Island, 2018 h.",1490
"Roxborough, Tobago",1491
"Wild Bolivian, Jungle Love",1492
Acul du Nard,1493
"Alto Beni, 2016",1494
Maya Mtn.,1495
"Conacado, Manifesto",1496
La Colonia,1497
"Piura, Gran Chilique",1498
"Dak Lak, batch 0A08",1499
"Copan, batch 0A03",1500
"Ambanja, Tsara Valley",1501
"Palos Blancos, batch 97",1502
"Dominican Republic, batch 85",1503
"Madagascar, lot 137",1504
"Cedeno, lot 271",1505
"San Francisco de Macoris, Nourish",1506
"Madagascar, Sassy Bar",1507
"Tanzania, Party Bar",1508
"Sur del Lago, Merida",1509
Nugo,1510
"Maya Mountain, Toledo, batch 91",1511
Gran Couva 2005 P.,1512
"Carribean, Caraibe",1513
"Porcelana, Maracaibo, Palmira P. 2005",1514
"Sambirano, Ampamakia 2005, Millot P.",1515
"Guanaja, South America",1516
Le Noir Extra Amer,1517
"Abinao, West Africa",1518
"Le Noir Amer, West Africa",1519
"Araguani, Venezuela, Carribean",1520
"Porcelana, Maracaibo, Palmira P. 2006",1521
Chuao 2002 P.,1522
Manjari,1523
Nyangbo,1524
Tainori,1525
Alpaco,1526
Caraque,1527
"Porcelana, Pedegral",1528
"Otucan, Grand Cru",1529
"Andoa, Grand Cru blend",1530
"Loma Sotavento, 2013",1531
"Piura, Illanka, Quemazon",1532
"Oriado, Peru, Dom. Rep",1533
Manhattan,1534
Napa,1535
Palos Blancos,1536
Palos Blancos + nibs,1537
Alta Verapaz,1538
San Francisco de Macoris,1539
"Classic, Central and S. America",1540
"Dark, Central and S. America",1541
Chimelb,1542
"""Classic Dark"", Ecuador-Guatemala-Dom. Rep.",1543
Costas Esmeraldas,1544
"Ben Tre, Mekong Delta, MoCay",1545
"Los Rios, Rancho Grande 2004/2007",1546
"Los Rios, Rancho Grande 2007",1547
Moho River Valley,1548
"Pisa, Adul de Nord",1549
"Piura Blanco, Norandino",1550
Samoa,1551
"Kablon Farms, b. KP7417211821",1552
"Semuliki, 2017-18 h., batch SU72conche22212621",1553
"La Masica, 2015 harvest, b. LH74HORZConcheV2",1554
"Garcia Estate, 2019 harvest, b. GT722162021820",1555
Amazonas w/ nibs,1556
Hacienda Las Trincheras,1557
"Java, Indonesian Black",1558
Los Llanos,1559
"Guasare, Zulia Prov., 2015, batch 124",1560
"Wild Beniano, 2016, batch 128, Heirloom",1561
"Ghana, 2013, batch 129",1562
"Maya Mountain, 2017, batch 255",1563
"Sambirano, batch 1",1564
"Camino Verde P., Balao, Guayas, batch 1",1565
"Gran Couva, batch 1",1566
"Maranon, Cajamarca",1567
"Kokoa Kamili, batch 23",1568
Hacienda San Jose,1569
"Kokoa Kamili, Kilombero Valley, batch 1",1570
"San Martin de Pangoa, batch 46",1571
"Matagalpa, batch 57",1572
"Hispaniola, batch 170104",1573
"Sambirano, batch 170102",1574
Rio Claro,1575
"Tranquilidad, wild Bolivia",1576
"Papua New Guinea, Batch 2",1577
"House Blend, Batch 2",1578
"Dominican Republic, Batch D2",1579
"Madagascar, Batch 2",1580
"Peru, Batch 1",1581
"Belize, Batch 2",1582
UNOCACE,1583
"Millot P., Ambanja",1584
Tokiala,1585
"Tranquilidad, Baures",1586
Goddess Blend,1587
"Jeru Antiguo, batch jan705, 2 turns",1588
"Kilimamwenza, Ituri Province",1589
"El Castillero, batch ca1705, 3 turns",1590
"Brazil, Mitzi Blue",1591
Kerala State,1592
"Satipo Pangoa region, 16hr conche",1593
Huiwani Coop,1594
El Ceibo Coop,1595
"Kongo, Highlands",1596
"Bocas del Toro, Cocabo Co-op",1597
Amazonas Frucht,1598
"Satipo Pangoa region, 20hr conche",1599
"Indianer, Raw",1600
"Loma Los Pinos, Yacao region, D.R.",1601
"APROCAFA, Acandi",1602
"Dry Aged, 30 yr Anniversary bar",1603
Mountains of the Moon,1604
